id,질문,내용
번호 157,이혼신고 절차는 어떻게 되나요?,"1.협의이혼
1)법원 방문하여 이혼당사자 서류 제출(주소지가 금천구인 경우,서울남부지방법원)
-협의이혼의사확인신청서1부
(미성년자가 있는 경우,자의 양육과 친권자결정에 관한 협의서1통과 복사본2통)
-남편과 처의 가족관계증명서,혼인관계증명서 각1부
-주민등록등본1부(주소가 다를 경우 각1부)
-이혼 당사자 신분증,도장
2)법원에서 협의이혼의사확인서 수령
3)이혼신고서 구청에 접수
(협의이혼일로부터3개월 이내-> 3개월 이내 미신고시 이혼 무효로 법원에서 다시 받아와야 함)
-협의이혼의사확인서(미성년자 자녀가 있을 시,자의 양육과 친권자결정에 관한 협의서 첨부) 1통.
-이혼신고서(이혼신고서에 남편과 처의 도장 또는 서명 날인) 1부.
-신고인 신분증.
2.재판이혼
1)서울가정법원에 이혼청구
-이혼소송청구서2부(미성년자가 있는 경우,각 자녀의 기본증명서1통&가족관계증명서1통&자녀 포함된 주민등록등본1통)
-남편과 처의 가족관계증명서,혼인관계증명서,기본증명서 각1부
-주민등록등본1부(부부가 주소가 다를 경우,이전 주소지가 포함된 주민등록초본 각1부)
-이혼 당사자 신분증,도장
-인지액20,000원(단,위자료 및 재산분할 청구가 있을 경우 인지액 추가 발생)
-송달료111,000원(15회x2명)
2)재판 확정일로부터1개월 이내 구청에 신고(1개월 이내 미신고시 과태료 부과)
-이혼판결 등본1부,확정증명원(송달증명원) 1부.
-이혼신고서(이혼신고서에 신고인 도장 또는 서명 날인) 1부.
-신고인 신분증."
번호 156,혼인신고 시 필요한 서류는 어떻게 되나요?,"*혼인신고서1부(대한민국법원 전자민원센터 홈페이지->양식모음에서 출력가능)
혼인신고서에 혼인당사자(남,여)도장 또는 서명 날인
혼인신고서에 증인2명의 인적사항(성명,주소,주민등록번호,도장 또는 서명):방문은 불필요.
*혼인당사자(남,여)신분증(한 분만 방문하더라도 두 분 신분증 지참)
혼인당사자가 접수 할 수 없을 때 대리 접수가능(제출인 신분증 함께 지참)"
번호 155,공공근로사업 기간과 임금은 어떻게 되나요?,"공공근로사업 기간과 임금 및 근로기준은 아래와 같습니다.
·사업기간 : 매년 2월 ~ 11월 (상,하반기 연2회 실시)
·임금 및 근로조건(최저시급 기준)
-만65세 미만 : 1일 5시간/ 주5일 근무, 일일임금31,000원/ 간식비 3,000원
-만65세 이상 : 1일 3시간/ 주5일 근무, 일일임금19,000원/ 간식비 3,000원
-주 유급휴일, 연차 유급휴가 부여
-4대 보험 의무 가입"
번호 154,세목별 과세증명서를 발급받고 싶습니다.,"세목별 과세증명서는 세목별로 과세 또는 납세사실에 대한 증명입니다.
○ 발급방법
1. 방문 : 가까운 구청(세무1과), 동주민센터
※ 구비서류
- 개인 : 본인인 경우 신분증
대리인인 경우 ①대리인 신분증 ②위임하는자(본인) 신분증 사본 ③위임장(별도의 양식없음)
- 법인 : 대표자인 경우 대표자 신분증, 사업자등록증 사본
법인 대리인인 경우 ①법인도장 날인 위임장(별도양식없음) ②대리인 신분증  ③사업자등록증 사본
2. 인터넷 : 민원24(www.minwon.go.kr) 홈페이지에서 신청
- 개인, 법인 모두 발급 가능
- 공인인증서 필수"
번호 153,주택가격 좀 알아보고 싶습니다,"주택가격은 단독, 다가구인 경우 개별주택가격으로 알아보시고, 다세대는 공동주택가격으로 알아보실 수 있습니다.
이 두가지 모두 인터넷 사이트 ""부동산공시가격알리미(www.realtyprice.kr)""라는 사이트에서 알아보실 수 있습니다."
번호 152,지방세환급금 신청하려는데 필요한 서류가 무엇인가요?,"1. 납세자 본인이 지방세환급금을 신청하는 경우 환급청구서, 납부영수증, 통장사본이 필요합니다.
2. 납세자가 지방세환급금을 양도하고자 하는 경우
○ 양도인이 개인인 경우 : 환급청구서, 양도신청서, 양도인과 양수인 신분증 사본, 양수인 통장사본, 납부영수증
○ 양도인이 법인인 경우 : 환급청구서, 양도신청서, 법인 인감증명서, 양수인 신분증 사본, 양수인 통장사본, 납부영수증이 필요합니다.
※ 환급청구서, 양도신청서 서식다운로드 경로
- 금천구청 홈페이지 → 종합민원 → 민원안내 → 민원사무편람(민원서식) → 제목 ""환급"" 검색  → 환급청구서, 양도신청서 다운로드"
번호 151,상속으로 부동산 취득시 취득세는 어떻게 신고하나요,"상속으로 부동산 취득시 피상속인의 사망일이 속하는 달의 말일부터 6월 이내에 취득신고를 하여야 하며
첨부서류는 사망자 기본증명서, 재산분할협의서, 사망자 가족관계증명서 등이 필요합니다.
더 궁금하신 사항이 있으시면 세무1과(2627-2346)로 연락주시면 성심껏 안내해 드리겠습니다."
번호 150,부동산을 사게 되면 어떻게 취득세 신고를 하여야 하나요,"취득세 신고는 잔금지급일로부터 60일 이내에 매매계약서와 부동산거래 신고필증을 가지고
우리구청 1층 민원실 취득세 신고 창구(16번 창구)를 방문하셔서 취득세를 신고하면 됩니다.
본인이 아닌 경우에는 취득세 신고서 양식에 있는 위임장을 작성하여 신고하면 됩니다."
번호 149,건폐율 기준에 부적합한 경우 재축 가능 여부,"질의 :수해로 전파된 기존건축물(약71㎡)을 재축하고자 하는 경우로서 건축법 제5조의2 같은법시행령 제6조의2 규정에 의하면 기존의 건축물이 법령의 제정？개정등으로 인하여 법？이영 또는 건축조례의 규정에 부적합하더라도 기존 건축물의 재축을 허용하고 있으나. 이 경우 건축법령이 아닌 도시계획법령에 의한 건폐율 기준에 부적합한 경우에도 재축이 가능한 것인지 여부?답변 :가. 건축법시행령 제6조의2 제2항제1호의 규정에 의한 “기존건축물의 재축”시에는 법？이영 또는 건축조례의 규정에 부적합하더라도 건축허가를 할 수 있도록 규정하고 있는바, 이는 건축조례에서 특례로 정할 수 있는 위임범위를 규정한 것이며,나. 또한 상기 규정은 기존건축물의 재축시에 건폐율에 위반된다 하더라도 재축이 가능하다는 규정이며, 건폐율의 근거법령은 건축법 제47조에서 이를 규정하고 있으니 참고하시기 바랍니다."
번호 148,피로티 구조의 주택 층수산정 기준,"질의 :지하 1층에는 근린생활시설을 지상1층은 전부를 피로티 구조로하여 주차장으로 하고 지상 2～5층은 다세대주택(다가구 2～4층)을 건축함에 있어 피로티부분이 주택의 층수에 포함되어야 하는 것인지 여부 ?답변 :건축법시행령 [별표1] 제1호다목 및 제2호의 규정에 의거 주택의 층수를 산정함에 있어서 1층 전부를 피로티구조로하여 주택의 주차장으로 사용하는 경우에는 동 피로티부분은 주택의 층수에 제외 되는 것이나, 주택을 근린생활시설등 타용도와 복합으로 건축하는 경우에는 1층 전부를 피로티 구조로하여 주차장으로 사용하는 경우라도 이는 주택의 층수산정에 포함되는 것입니다."
번호 147,정남방향 일조권 적용시 정북방향 대지소유자의 합의,"질의 :건축물의 일부가 정북방향의 일조기준에 저촉되는 경우, 저촉되는 부분의 인접대지소유자와 합의하여 동 부분에 대하여만 정남방향으로 일조권을 적용할 수 있는지 여부 ?답변 :건축법 제53조제3항의 규정에 의하여 같은법시행령 제86조제3항 및 제4항의 규정에 의한 높이를 고시 등의  절차를 거친 대지에 대하여 같은법 제53조제3항제10호의 규정에 의하여 정북방향으로 접하고 있는 대지의 소유자와 합의한 경우에는 건축물의 높이를 정남방향의 인접대지경계선으로부터 띄어 건축할 수 있도록 일조기준을 적용할 수 있는 것임.정남방향으로 일조기준을 모두 적용하고자 하는 경우에는 건축법시행령 제86조제1항의 규정에 의한 정북방향으로의 일조권을 적용하지 아니할 부분의 대지주와 합의한 경우를 말하는 것이므로 정북방향으로 모든 대지 소유주를 말하는 것이 아닌 것입니다."
번호 146,건축물의 용도분류와 관련된 업무처리 방법 알림,"1) 근래 건축법령은 규제개혁 차원에서 건축기준의 폐지 또는 완화와 용도변경의 간소화등 대국민의 불편사항을 대폭 개선한바 있습니다.2) 그러나 용도변경의 신고절차가 없다하여 건축기준 마저 지키지 않아도 되는 것이므로 오해하는 등 건축물의 용도와 관련된 위법사례가 빈번히 발생하고 있어, 다음과 같이 건축물의 용도와 관련된 지침을 시달하니, 업무추진에 만전을 기하여 주시기 바랍니다.가) 오피스텔은 건축법시행령 별표1에 의한 용도분류상 업무시설이므로 동 오피스텔의 건축기준인 건교부고시 1998-161(98.6.8)에 의한 기준에 적합하여야 하며, 오피스텔의 분양등을 위한 공고시에는 “주용도는 업무시설이며 부수적으로 일부 숙식이 가능하다는 사실을 명기”토록 하여 선의의 피해자 발생 방지.나) 고시원은 독서실(학원의 설립？운영에 관한 법률에 의한 독서실)의 형태로 운영되는 것은 제2종 근린생활시설로 분류하되, 고시원을 실별로 구획하여 개별 화장실 및 취사시설을 설치하는 경우에는 건축법시행령 [별표1] 단독주택인 다중 및 다가구주택으로 구분하되, 동 규모를 초과하는 경우 공동주택(다세대,연립,아파트)으로 구분할 것.다) 원룸주택의 용도분류는 건축법 시행령[별표1]의 단독주택(다중,다가구) 또는 이를 분양하는 경우에는 규모등에 따라 공동주택(다세대,연립,아파트)으로 구분할 것.라) 다가구 및 다세대주택의 상부층에 근린생활시설(사무소 등)을 설치하는 경우 주택으로 무단 용도변경될 소지가 높으므로, 이러한 건축물을 주거환경등을 감안하여 별도의 계단으로 분리토록 행정지도 할 것."
번호 145,"다세대, 연립, 아파트의 구분","질의 :지상 6층인 건축물중 1층은 근린생활시설 및 피로티 구조인 주차장이고 2층은 근린생활시설, 3～6층은 다세대주택으로 계획하고자 하는 경우, 이를 다세대주택으로 인정할 수 있는지 여부?답변 :건축법시행령 [별표1] 제2호다목의 규정에 의하여 다세대주택은 주택으로 쓰이는 1개 동의 연면적(지하주차장 면적을 제외한다)이 660제곱미터 이하이고, 층수가 4개층 이하인 주택을 말하는 것으로서, 동시행령 [별표1] 제2호 본문의 규정에 의하여 공동주택을 구분하기 위한 층수 산정에 있어서 1층 전부를 피로티구조로 하여 주차장으로 사용하는 경우에는 피로티부분을 층수에서 제외토록하고 있는바,- 질의의 경우와 같이 1층이 근린생활시설 및 주차장의 용도로 구분되어 있으며, 주차장이 근린생활시설 및 주택의 부속용도로 사용되는 경우에는 주택으로 사용되는 부분이 5개층이 되어 아파트로 구분되어야 할 것이니, 보다 구체적인 사항은 상세한 자료를 갖추어 당해 허가권자에게 문의 바랍니다."
번호 144,기숙사와 단독주택의 복합시 건축법상 용도,"질의 :학교주변의 일반주거지역에 기숙사 용도와 단독주택 용도의 건축물(1~4층 기숙사, 지상 5,6층 단독주택)의 경우 건축법령상 기숙사의 용도로 볼 수 있는지 여부?답변 :건축법시행령 제3조의 2 관련 별표1 제2호 라목의 규정에 의하여 ""기숙사""는 학교 또는 공장등의 학생 또는 종업원등을 위하여 사용되는 것으로서 공동취사등을 할 수 있는 구조로서 독립된 주거의 형태를 갖추지 아니한 것을 말하는 것으로서 기숙사를 상기 규정에 의한 용도대로 사용하지 아니하고 임대 또는 영업의 목적으로 건축하는 경우에는 이는 기숙사로 볼 수 없는 것임을 알려드립니다."
번호 143,일조권 적용 시 인접대지 지표면 산정방법,
번호 142,발코니 간이 화단의 면적산정 기준,
번호 141,공동주택 전용면적 산정방법,
번호 140,종합병원 내 장례식장 설치가능 여부,
번호 139,공동 및 다가구주택의 1층 일부가 주차장인 경우 주택의 개층,
번호 138,토지경매 진행 중 건축주 명의변경 가능여부,
번호 137,일조기준 적용 시 직각방향 또는 최단거리 여부,"질의 :건축물이 대지경계선에 평행하지 않게 배치되어 채광방향이 다른 경우 일조확보를 위한 건축물의 높이제한 적용 시 건축물로부터 인접대지경계선까지 띄워야 할 거리는 채광을 위한 창문 등이 있는 벽면으로부터 직각방향의 거리인지 아니면 최단거리인 사선방향의 거리인지 여부답변 :건축법 제86조 제2항 및 서울시 건축조례 제29조 제2항의 규정에 의하여 건축물의 각 부분의 높이는 그 부분으로부터 채광을 위한 창문(창넓이가 세대당 0.5㎡ 이상의 창을 말함) 등이 있는 벽면으로부터 직각방향으로의 인접대지 경계선까지의 수평거리의 2배 이하로 하도록 하고 있습니다.따라서, 채광방향 일조규정 적용 시 수평거리 기준은 채광을 위한 창문 등이 향하는 명각부분으로부터 직각방향의 인접대지경계선까지의 거리를 말하는 것입니다."
번호 136,하나의 발코니 사이에 내력벽을 축조하여 분리시킨 경우 발코니 인정 여부,"각각의 분리된 부분이 건축법 시행령 제2조제1항제15호의 규정에 적합한 경우에는 발코니로 볼 수 있을 것이며, ""발코니 등의 구조변경절차 및 설치기준""에 적합한 경우 고조 변경을 할 수 있는 것입니다."
번호 135,다가구주택의 기숙사 용도변경 불가,"질의 :기존 다가구주택을 학생들이 거주하는 기숙사로 개조하여 영업을 하고자 할 경우 용도변경 가능 여부답변 :건축법 시행령 제3조의2 관련 <별표1> 제2호 ""라""목의 규정에 의하여 ""기숙사""는 학교 또는 공장 등의 학생 또는 종업원 등을 위하여 사용되는 것으로서 공동 취사 등을 할 수 있는 구조로서 독립된 주거의 형태를 갖추지 아니하는 것인 바, 기숙사를 상기 규정에 의한 구조형태가 아니거나 학교 또는 공장 등에서 당해 학생 또는 종업원 등에게 이용되지 아니한 것으로서 임대 또는 영업의 목적으로 사용하는 경우에는 이를 기숙사로 볼 수 없는 것이므로 질의의 경우와 같이 다가구주택을 개인이 영업의 목적으로 하는 기숙사로 용도변경 하는 것은 불가합니다."
번호 134,현행법에 부적합한 건축법 제정 이전 건축물에 대한 증·개축 가능 여부,"질의 :건축법 제정시행 전에 건축된 건축물로서 건축물대장상에 등재되어 있으나, 대지가 도로에 접하지 아니하며 건축법 제33조의 규정에 부적합한 경우 동 법 제5조의2(기존의 건축물 등에 대한 특례)의 구정을 적용 받아 증·개축이 가능한지 여부답변 :질의의 건축물이 건축법령 제정 전에 건축된 건축물로서 동 건축물의 대지가 도로에 접하지 아니하며 건축법령상 부적합한 경우라도 건축법 제5조의2(기존의 건축물 등에 대한 특례) 및 동법 시행령 제6조의2의 규정에 의하여 증·개축 하고자 하는 부분이 법령 등의 규정에 적합한 경우에 한하여 당해 지방자치단체의 조례가 정하는 바에 따라 증·개축이 가능할 것임"
번호 133,신고대상 건축물이 건축 중 증축으로 건축허가 대상이 되는 경우 처리 절차,"질의 :건축신고대상 규모의 건축물을 건축 중 증축을 위한 설계변경을 함으로써 동 건축물의 규모가 건축허가 대상이 되는 경우 건축법령상 절차는?답변 :귀 문의의 경우가 신고대상 건축물의 건축 중 증축을 함으로써 건축허가대상 건축물이 되는 것이라면 건축법령에 의한 허가신청시 필요한 설계도서 등을 제출하고, 건축사가 동 건축물에 대한 설계 및 감리를 하여야 할 것이며 기타 관계법령에서 허가대상 건축물에 대하여 적용하는 규정 및 절차 등을 이행하여야 할 것으로 사료됩니다."
번호 132,2개의 행정구역에 걸친 경우의 건축허가,"질의 : 하나의 대지가 두 개의 행정구역에 걸치는 경우 각 행정기관에 각각 건축허가를 신청하여야 하는지 여부
답변 : 두 개 이상의 행정구역에 걸쳐있는 하나의 대지에 건축물을 건축하는 경우에는 당해 대지의 과반이 속하는 행정구역의 건축허가권자에게 건축허가를 신청하고, 당해 허가권자는 타 행정구역의 허가권자와 협의 후 처리하여야 할 것입니다."
번호 131,타위원회의 심의를 받는 경우에도 도시디자인심의를 받아야 하나요?,"아닙니다.건축심의대상 및 일괄입찰·대안입찰 방식으로 설계된 건축물, 공원심의대상은 제외됩니다."
번호 130,운영지침 등에 임의로 심의대상을 정하여 심의할 수 있는 지 여부,"질의 : 지방건축위원회에서 「건축법」제4조 및 같은 법 시행령 제5조에서 정한 건축위원회 심의 사항 이외에 이 법 및 다른 법령에서 정하지 아니한 “부설주차장 추가 설치”에 관한 내용을 건축심의 운영지침 등으로 임의로 정하여 심의할 수 있는지 여부
답변 :지방건축위원회에서 심의할 수 있는 사항은 「건축법」 제4조 제1항 및 같은 법 시행령 제5조에서 정한 것에 한하며, 그 이외의 사항은 심의대상에 해당하지 않습니다."
번호 129,옥상에 설치된 물탱크를 주택의 용도로 무단으로 사용한 경우 이행강제금 산정 문의,
번호 128,주상복합건축물의 전용면적 및 공용면적 산정방법,"질의 :
가.「건축법」제8조에 따라 건축허가를 받는 공동주택(다세대주택, 연립주택, 20세대 이상 주상복합건물)의 전용 및 공용면적 산정방법은 주택법 시행규칙 제2조 및 주택공급에 관한 규칙 제8조를 따라야 하는 지?나. 주택법 시행규칙 제2조에 따라 공동주택의 전용면적 산정방법은 외벽의 내부선을 기준토록 하고 있으나, 2호 조합 이상으로 구성된 공동주택의 세대간 경계벽을 외벽으로 볼 수 있는 지?
답변 :
가. 주택법에서 공동주택(건축법 시행령 별표1 제2호 가목 내지 나목에 한함)에 대한 주거전용면적 산정방법을 같은 법 시행규칙 제2조 제2항 제2호에 규정하고 있음. 주택법령에서 동 규정의 적용대상을 달리 규정하고 있지는 않으나, 주택법에 의거 사업계획승인을 받아 건설·공급하는 공동주택에 대해서는 동 규정이 적용되는 것으로 판단되며,건축법 제8조의 규정에 의한 허가를 받는 건축물에 대하여 건축법령의 기준을 적용함에 있어서 면적 등 건축물의 규모는 동법 시행령 제119조의 규정에 의하여 산정하여야 하는 것이나, 공동주택의 전용면적 및 공용면적의 산정은 주택법시행규칙 제2조의 규정을 준용하여 산정하는 것이 타당할 것으로 판단됩니다.
나. 위 기준에 의한 공동주택의 세대별 주거전용면적을 산정할 경우 외벽은 세대와 세대 또는 세대와 외부를 경계하는 벽으로 보아 산정함이 타당합니다. (법 제8조 ⇒ 제11조, 2008. 3. 21.)"
번호 127,1층에 필로티 설치시 일조권 높이제한 제외 여부,"질의 : 건축물의 1층에 필로티와 근린생활시설이 설치되어 있는 경우에 일조권 산정높이에서 제외할 수 있는 것인지 여부
답변 :건축법시행령 제119조 제1항 제5호의 규정에 의하여 건축물의 1층 전체에 필로티가 설치되어 있는 경우에는 제82조 및 제86조 제2항의 규정을 적용하는 경우에 한하여 필로티의 층고를 제외한 높이를 건축물의 높이로 하는 것이나, 위 질의의 경우처럼 1층에 필로티와 근린생활시설을 복합용도로 사용하는 경우에는 1층 층고높이도 포함하는 것임을 알려드립니다."
번호 126,건축물의 용도분류 시 “당해 용도에 쓰이는 바닥면적의 합계”에 공용부분이 산정 여부,"“당해 용도에 쓰이는 바닥면적의 합계”에는 주된 용도에 부수되는 공용부분(복도·계단·화장실 등)의 면적이 공용비율에 따라 포함되는 것이나, 지하주차장 등의 면적은 제외되는 것임을 알려드립니다."
번호 125,층간 방화구획을 하지 않을 수 있는지 여부?,"「건축물의 피난·방화구조 등의 기준에 관한 규칙」제14조 제1항 제2호 규정에 따라 3층 이상의 층과 지하층은 층마다 구획하여야 하는 것으로, 「건축법 시행령」제46조 제2항 제6호 규정에 따라 주요구조부가 내화구조 또는 불연재료로 된 주차장의 부분은 동조 제1항의 규정을 완화받을 수 있는 것이나, 램프 및 통로 등이 건축물의 다른 부분과 방화구획된 경우에 한하여 완화받을 수 있는 것입니다."
번호 124,1층 피로티 층수산정 포함여부,"질의 : 제1종일반주거지역 안에서는 4층 이하의 건축물에 한하여 건축할 수 있는 바, 다세대주택의 1층 전부가 주차장으로 사용하는 피로티 구조로 되어 있는 경우 위 4층 이하의 건축제한을 적용함에 있어 위 1층 피로티 부분이 층수산정에 포함되는지?
답변 :제1종일반주거지역 안에서 다세대주택을 건축하고자 하는 경우 1층 전부가 주차장으로 사용하는 피로티 구조라 하더라도 이러한 1층도 제1종일반주거지역 안에서의 층수에 포함되므로, 이를 포함한 4층 이하의 건축물만 허용된다고 할 것입니다."
번호 123,"""건축물의 건축 등을 위한 설계”에 해당하는지 여부","질의 : 건축물에 포함되는 폐쇄회로텔레비전(CCTV)·방송설비·구내통신·주배선반(MDF)·무선랜·주차관제 등의 설계가 「건축사법」 제4조제1항의 “건축물의 건축 등을 위한 설계”에 해당하는지 여부
답변 :
- 건축사법 제4조제1항에서는 「건축법」 제19조제1항의 규정에 의한 건축물의 건축 등을 위한 설계는 건축사가 할 수있도록 규정하고 있습니다.- 이와 관련하여「건축법」 제2조제1항제3호에서는 건축물에 설치하는 전기·전화·초고속 정보통신·지능형 홈네트워크·가스·급수·배수(配水)·배수(排水)·환기·난방·소화·배연 및 오물처리의 설비와 굴뚝·승강기·피뢰침·국기게양대·공동시청안테나·유선방송수신시설·우편물수취함을 건축설비로 정의하고 있으며 이 경우 건축물에 설치되는 CCTV·방송설비·구내통신·MDF·무선랜·주차관제 등은 위 규정에 의하여 건축설비에 해당하는 것으로 보아야 할것입니다.- 또한, 동법 제2조제1항제12호에서 “건축물의 건축 등”에 해당하는 것을 건축물의 건축·대수선·용도변경, 건축설비의 설치 또는 공작물의 축조로 규정하고 있습니다.- 따라서, 건축물에 포함되는 CCTV·방송설비·구내통신·MDF·무선랜·주차관제 등의 설치를 위한 설계는 건축설비의 설치를 위한 설계로서 건축사법 제4조제1항의 “건축물의 건축 등을 위한 설계”에 해당하는 것으로 보아야 할 것입니다."
번호 122,주택 발코니의 건축면적의 산정방법은?,"건축법 시행령 제119조 제1항 제2호에 따라 건축면적은 건축물(지표면으로부터 1미터이하에 있는 부분 제외)의 외벽(외벽이 없는 경우에는 외곽부분의 기둥을 말함)의 중심선[처마, 차양, 부연 그 밖에 이와 유사한 것으로서 당해 외벽의 중심선으로부터 수평거리 1미터(한옥의 경우에는 2미터) 이상 돌출된 부분이 있는 경우에는 그 끝부분으로부터 수평거리 1미터(한옥의 경우에는 2미터)를 후퇴한 선]으로 둘러싸인 부분의 수평투영면적으로 하는 바,발코니의 경우에 있어서도 발코니의 난간벽 등의 중심선으로 둘러싸인 부분으로 건축면적을 건축면적을 산정하여야 할 것으로 판단됩니다."
번호 121,위반건축물의 사용승인 여부,"질의 : 상가용 집합건축물의 A점포 소유자(갑)가 용도변경 허가를 받아 공사를 진행 중에 B점포 소유자(을)가 집합건축물의 주차장 일부를 무단으로 용도변경한 행위에 대하여 시정지시를 하였으나 시정조치가 되지 않은 상태인 경우, 갑이 신청한 용도변경에 대하여 사용 승인을 할 수 있는 지 여부
답변 :"
번호 120,주동의 평면이 Y자형과 유사한 공동주택에서 일조권 적용 여부,"질의 : 주동의 평면이 Y자형과 유사한 공동주택에서 중앙부분 복도의 벽부분과 단위세대의 측벽 및 발코니 측벽이 마주보고 있는 경우에도 건축법 시행령 제86조제2항제2호의 규정을 적용할 수 있는 지
답변 :건축법 시행령 제86조 제2항 제2호의 규정은 동일한 대지 안에서 2동 이상의 건축물이 서로 마주보고 있는 경우(1동의 건축물의 각 부분이 서로 마주보고 있는 경우를 포함함) 공동주택 단위세대의 일조, 채광, 사생활보호 등을 위하여 건축물의 각 부분간 거리를 띄어 건축하도록 한 규정으로,1동의 건축물의 각 부분이 서로 마주보고 있는 경우에도 건축물 각 부분 사이의 거리를 건축법 시행령 제86조제2항제2호 각 목의 거리 이상을 띄어 건축하거나 당해 대지 안의 모든 세대가 동지일을 기준으로 9시에서 15시 사이에 2시간 이상을 계속하여 일조를 확보할 수 있는 거리 이상으로 띄어 건축하여야 할 것입니다.다만, 1동의 건축물의 각 부분이 서로 마주보고 있으나 각 부분의 형태(채광창 설치여부), 건축물의 방위, 대지 내 건축물의 위치 등에 의하여 단위세대의 일조, 채광, 사생활보호 등에 지장이 없다고 인정되는 부분에 대하여 위 규정을 적용하는 것이 극히 불합리하다고 판단되는 경우에는 그러하지 아니하여도 될 것으로 사료됩니다."
번호 119,기존건축물 용도변경 시 건축허가 제한 관련,"질의 : 건축법 제18조 규정에 따른 건축허가 제한이 된 경우, 기존건축물의 용도를 변경(단독주택→다가구주택)하고자 하는 경우 허가제한 대상인지 여부
답변 :건축법」제18조에 따라 시, 도지사는 지역계획이나 도시계획에 특히 필요하다고 인정하면 건축허가나 허가를 받은 건축물의 착공을 제한할 수 있습니다.또한, 동법 제19조에서 제18조를 준용하고 있음에 따라 상기 사유에 해당하는 경우라면 용도변경의 제한도 가능할 것으로 생각되며, 구체적인 허가제한내용 등에 관하여는 금천구청 건축과에 문의하여 주시기 바랍니다."
번호 118,책임감리원의 배치기준에 기술지원감리원의 감리경력도 포함되는지 여부,「건설기술관리법 시행규칙」 제60조 각 호에 따른 책임감리원의 경력 및 배치기준에는 기술지원감리원의 감리경력도 포함됨을 알려드립니다.
번호 117,1인 소유 대지에 여러명이 건축허가 받을 수 있는지,"「건축법」제11조에 따른 건축허가는 하나의 대지에 하나의 건축허가만 가능함에 따라 15인이 건축허가를 받고자 하는 경우에는 현재 하나의 대지를 각각 분할하여야만 건축허가 신청이 가능할 것으로 사료되고,각각의 대지에 건축허가를 신청하고자 하는 경우에는 같은 법 시행규칙 제6조제1항에 따라 건축할 대지의 범위와 그 대지의 소유 또는 사용에 관한 권리를 증명하는 서류를 제출하도록 하고 있음을 알려드립니다."
번호 116,도시계획시설예정지 내 가설건축물에 약국을 등록.개설할 수 있는 지 여부,"가설건축물은 임시적, 한시적으로 사용하기 위한 건축물이며 존치기간이 만료되면 철거하여야 하는 것으로써「건축법」 제20조제1항에 따라 도시계획시설 또는 도시계획시설예정지에 가설건축물을 건축하는 경우에는 「국토의 계획 및 이용에 관한 법률」제64조에 적합하여야 하고, 3층 이하로서 같은 법 시행령 제15조제1항 각호의 기준의 범위에서 조례로 정하는 바에 따라 특별자치도지사 또는 시장·군수·구청장의 허가를 받아야 합니다.다만, 건축법령에서는 영업허가 등에 대하여 별도로 규정하고 있지 아니한 바, 질의의 시설이 가설건축물에 해당하는 지 여부는 상기규정에 따른 법령취지나 조례 등으로 규정하고 있는 사항, 구조, 규모, 관계법령 등을 종합.검토하여 허가권자가 판단하여야 할 것으로 사료됩니다."
번호 115,설계변경에 대한 건축허가 변경시기에 대한 질의,"질의 : 건축허가를 받아 흙막이 공사중 지하구조물 기둥 구조를 변경(철근콘크리트 → 철골철근콘크리트, 철골철근콘크리트 → 철근콘크리트)하여 시공하려는 경우 「건축법」 제16조 제2항에 따라 사용승인 신청시 일괄신고 가능 여부
답변 :건축법 시행령」 제3조의2 제2호에 따르면 기둥을 세 개 이상 변경하는 것은 대수선에 해당하며, 건축허가를 득하여 건축 중인 건축물에 대수선에 해당하는 사항이 발생하는 경우에는 같은법 시행령 제12조 제3항 제3호에 따라 사용승인 신청시에 일괄신고가 가능한 것이나, 이에 해당하는지 여부는 허가권자가 설계도서 및 건축법령 등을 종합적으로 검토하여 판단할 사항입니다."
번호 114,고시원 면적 개정에 따른 용도변경 소급여부,"질의 : 2011.9.30일부터 고시원 면적 개정(500㎡이상 숙박시설) 시행되는데, 2009.7.16일 고시원 용도 신설 이전, (고시원) 소방완비증명서 발급받은 건축물(건축물대장상 용도는 교육연구시설,단독주택,공동주택 등)이 2011.9.30일이후 용도변경신청시 2011.9.30일부터 고시원 면적 개정(500㎡이상 숙박시설) 시행되는데, 이와 관계없이 위 건축물 중 500㎡이상 1,000㎡미만의 건축물의 경우 제2종근린생활시설(고시원)으로 소급적용하여 용도변경 가능여부
답변 :건축법 시행령 개정(2009.7.16)이전부터 고시원으로 허가받아 사용하고 있는 면적 500㎡ 이상 1,000㎡ 미만으로 고시원 시설기준에 맞는 경우라면 시행령 개정〔2011.6.29(시행 9.30)〕이후에도 “제2종근린생활시설”로 건축물 대장 변경이 가능합니다."
번호 113,고시원 용도변경 및 이행강제금 부과 관련,"질의 : 2009.7.16일 고시원 용도 신설 이전, (고시원) 소방완비증명서 발급받은 건축물(건축물대장상 용도는 교육연구시설,단독주택,공동주택 등)이 현재 용도변경신청하여 용도변경 추인 처리시 이행강제금 부과여부
답변 :건축법 시행령 개정(2009.7.16) 이전부터 고시원으로 허가받아 사용하고 있고 고시원 시설기준에 적합한 경우라면 건축물 대장상의 용도(교육연구시설, 공동주택 등)와 관계없이 적법한 것으로 이행강제금 부과 대상이 아닌 것으로 판단합니다."
번호 112,유통산업발전법에 따른 판매시설 건축허가 관련,"질의 : 유통산업발전법령에 따른 지방자치단체의 조례에서 전통상업보존구역에서는 대규모점포 또는 준대규모점포의 개설등록 할 수 없도록 규정하고 있는 경우 판매시설(상점 1,000제곱미터 이상)의 건축허가를 반려하여 사전 등록을 제한하여야 하는지 여부
답변 :
가. 질의의 경우는 유통산업발전법령 및 지방자치단체의 조례를 담당하고 있는 지식경제부나 해당 조례 운영권자가 관련 규정을 검토하여 판단할 사항으로 사료됩니다.나. 참고로, 건축법령을 적용하기 위해 건축물의 용도별 종류를 규정하고 있는「건축법 시행령」 별표1에 의하면 판매시설의 종류에는 도매시장 (농수산물 공판장 등), 소매시장(대규모 점포), 상점이 포함됩니다.따라서, 유통산업발전법령 등에서 전통상업보전구역에서 건축법령에서 규정한 판매시설 전체를 등록 또는 건축허가를 제한하고 있는지 여부를 검토할 필요가 있다고 판단됩니다."
번호 111,다락 바닥면적 산입여부,"질의 : 지하4층, 지상6층 건축물의 5층 부분의 층고(5.75m)가 높아 천정을 새로 설치하고자 하는 경우, 기존 천정과의 사이에 생기는 공간(평균높이 1.5미터 이하)을 다락으로 보아 바닥면적에 산입하지 아니하여도 되는지 여부
답변 :"
번호 110,공동주택의 명의변경시 근저당 설정을 해제해야하는지 여부,"「건축법 시행령」제12조제4항에 따르면 허가를 받았거나 신고한 사항을 변경(건축주 변경 포함)하는 경우에는 같은법 시행령 제9조제1항을 준용토록 하고 있으며,건축주를 변경하는 경우에는 같은 법 시행규칙 제11조에 따라 변경 전 건축주의 명의변경동의서 또는 권리관계의 변경사실을 증명할 수 있는 서류를 첨부하여 허가권자에게 제출하도록 하고 있습니다.이 경우, 질의의 근저당 해제가 필요한지 여부는 「건축법」과 「민법」등 관계법령에 따라 변경전 건축주의 당해 토지 및 건축허가 등에 대한 권리의 위임이 정당한지, 건축주가 대지의 소유에 관한 정당한 권한을 확보하고 있는지 등을 종합적으로 검토하여 당해 허가권자가 판단할 사항입니다."
번호 109,"건축, 주택관련 민원은 온라인 어디에서 신청할 수 있나요?","건축민원 상시 상담제 시행계획 안내
우리구에서는 민원인께서 건축관련 민원과 관련하여 건축과를 방문할 경우, 담당자 부재에 따른 반복 방문과 민원처리시간 지연 등으로 인한 불편을 방지할 수 있도록 아래와 같이 민원상시 상담제를 실시 하고자 합니다.O 민원상담 사전 신청 대상- 건축 인허가관련, 진정, 일반 건축상담 등 방문민원 및 전화민원 일체
O 민원상담 신청 방법- 건축과 앞 민원상담실 안내데스크(2층)에서 신청- 건축과에 전화로 신청O 시행일 : 2012. 2. 1
아울러 상시상담제 시행일 이후에 신청하지 않고 방문하시는 민원인 및 전화민원에 대하여는 민원인을 위한 충실한 상담을 위하여  담당자와의 상담이 제한될 수 있음을 이해하여 주시기 바라며, 상시 상담제도가 조기에 정착될 수 있도록 적극 협조하여 주시기 바랍니다.금천구청 건축과 (2627-2390~2)"
번호 108,건축관계변경시 도면제출 여부?,건축관계변경신고시는 도면이 필요하지 않고 신고서 작성하여 제출하면 됩니다
번호 107,건축관계자변경신고 시(시공자) 구시공자의 포기각서 제출여부,건축관계자변경신고서는 건축주가 신청해야 하며 시공자변경은 구 시공자의 포기각서는 이해당사자간 사항으로 포기각서 제출의무는 없습니다.
번호 106,공동소유 건축물을 일반건축물로 변경할 수 있는지?,건축물대장의 기재 및 관리 등 에 관한규칙 별지 제13호 서식에 의거 건축물대장 합병신청서를 제출하면 됩니다.
번호 105,사용승인시 공동건축주 전원의 동의 여부,사용승인시에는 전원 건축주의 동의가 필요합니다.
번호 104,설계자는 건축관계자변경신고 대상에 해당되는지,설계자는 건축관계자변경신고 대상이 아님을 알려드립니다.
번호 103,건축법령에 따른 공사감리 규정,가. 1991.5.31. 전문개정 이전 공공 건축공사의 감리에 대한 「건축법」의 규정나. 1984년 이후 책임감리대상이 아닌 공공 건축공사에 대하여 「건축법」에 의하여 공사감리를 시행하여야 하였는지 :
번호 102,위반건축물에서의 행위제한,"건축물의 일부를 무단용도변경하여 시정명령이 내려진 위반건축물 내의 위반 사항이 없는 부분에 노인여가복지시설인 노인교실 설치 신고행위의 처리가 가능한지 여부 :
「건축법」제79조제2항에 따라 허가권자는 위반건축물에 대하여 당해 건축물을 사용하여 행할 다른 법령에 의한 영업 기타 행위의 허가를 하지 아니하도록 요청할 수 있습니다.이와 관련, 상기 규정에서 ‘허가’란 위반건축물을 사용하여 행할 다른 법령에 의한 영업 기타 행위의 ‘허가행위’를 말하는 것으로 행정청에 대하여 일정한 사항을 통지함으로써 의무가 끝나는 ‘신고’에 대하여는 상기의 ‘허가’에 해당되지 않는 것으로 법제처에서 해석하고 있는 바, 질의의 경우가 이에 해당되는 경우라면 처리가 가능할 것으로 사료됩니다."
번호 101,금천구 건축위원회 심의기준,금천구 건축위원회 심의기준에 대하여 첨부와 같이 알려드립니다.
번호 100,건축행위 시 구조기술사에 의해 구조계산이 이루어져야하는 건축물,"질의 : 건축행위 시 구조기술사에 구조계산이 이뤄져야 하는 건축물의 기준은?
답변 : 구조기술사에 의해 구조계산이 이뤄져야 하는 건축물의 기준은 다음과 같습니다.
- 6층 이상 건축물
- 기둥과 기둥사이 거리가 30미터 이상
- 다중이용건축물
- 한쪽 끝은 고정되고 다른 끝은 지지되지 아니한 구조로 된 차양 등이 외벽의 중심선으로부터 3미터 이상 돌출된 건축물"
번호 99,건축업자 선정대상 건축물,"질의 : 건설업자 선정대상 건축물의 기준
답변 : 주거용 건축물 - 연면적 661제곱미터 초과 또는 3개층 이상인 공동주택
비주거용 건축물 - 연면적 495제곱미터 초과하는 건축물"
번호 98,건축허가 및 신고 대상 건축물 구분,"* 건축허가 대상건축물
- 신축 : 연면적 100제곱미터 이상 건축물
- 증축,재축,개축 : 바닥면적 85제곱미터 이상
- 대수선 : 연면적 200제곱미터 이상 또는 3층이상 건축물
* 건축신고 대상건축물
- 증축,개축,재축 : 바닥면적 85제곱미터 미만
- 대수선 : 연면적 200제곱미터 미만 또는 3층 미만
- 소규모건축물 신축 : 연면적 100제곱미터 미만 건축물
- 건물높이 3미터 이하의 범위안에서 증축하는 건축물"
번호 97,철거 시 지정석면조사기관에 의뢰하여 석면조사하여야 하는 대상,"질의 : 지정석면조사기간에 의하여 석면조사를 해야하는 대상
답변 : 건축물 연면적의 합이 50제곱미터, 주택의 경우 200제곱미터 이상이면서 철거,해체 면적이
50제곱미터, 주택의 경우 200제곱미터 이상일 경우 해당함."
번호 96,수선과 대수선의 차이점 및 대수선의 범위,"대수선 : 주요구조부에 대하여 해체하여 수선, 변경 또는 증설하는 것
수선 : 대수선 외의 변경을 하는 것으로 신고없이 변경 가능
대수선의 범위
- 내력벽을 증설 또는 해체하거나 그 벽면적을 30제곱미터 이상 수선 또는 변경하는 것
- 기둥을 증설 또는 해체하거나 세 개 이상 수선 또는 변경하는 것
- 보를 증설 또는 해체하거나 세 개 이상 수선 또는 변경하는 것
- 지붕틀을 증설 또는 해체하거나 세 개 이상 수선 또는 변경하느 것
- 방화벽 또는 방화구획을 위한 바닥 또는 벽을 증설 또는 해체하거나 수선 또는 변경하는 것
- 주계단,피난계단 또는 특별피난계단을 증설 또는 해체하거나 수선 또는 변경하는 것
- 미관지구에서 건축물의 외부형태(담장 포함)를 변경하는 것
- 다가구주택의 가구 간 경계벽 또는 다세대주택의 세대 간 경계벽을 증설 또는 해체하거나 수선 또는 변경하는 것"
번호 95,기존건축물의 지하층을 지상층으로 변경하는 경우의 증축인정 여부,"질의 : 기존건축물의 지하층을 지상층으로 변경하고자 하는 경우 건축법령상 증축에 해당하는지 여부?
답변 : 건축법령상 증축이라 함은 건축법 시행령 제2조제1항제2호의 규정에 의하여 기존건축물이 있는 대지 안에서 건축물의 건축면적, 연면적, 층수 또는 높이를 증가시키는 것을 말하는 것인 바, 건축물의 층수가 증가하는 경우에는 상기 규정에 의한 증축으로 보아야 함."
번호 94,기존건축물이 있는 대지에 신축신고 가능 여부,"ㅇ질의 : 기존건축물이 있는 대지에 신축신고를 할 수 있는지?
답변 : 기존건축물이 있는 대지 안에 새로이 건축물을 짓는 경우에는 건축법 시행령 제2호의
규정에 의하여 ""증축""에 해당하므로 신축신고할 수 없음."
번호 93,시설사용료 환불 방법을 알려주십시오.,"- 사용료 환불을 신청하실 분은 첨부한 “사용료 반환 청구서” 양식을 다운로드 받아 작성하신 후,아래의 이메일 또는 팩스로 전송하십시오.
※ 이메일 주소 :passion04@geumcheon.go.kr/ 팩스 번호 ☎ 2627-2254
- 이메일 또는 팩스 전송이 어려우시면 평생학습관을 방문하시어 교육정보센터에 비치된“사용료 반환 청구서”를 작성한 후 제출하십시오."
번호 92,수강료를 환불받고 싶은데요...,"- 수강료 환불을 신청하실 분은 첨부한 “수강료 반환 청구서” 양식을 다운로드 받아 작성하신 후, 아래의 이메일 또는 팩스로 전송하십시오.※ 이메일 주소 : passion04@geumcheon.go.kr / 팩스 번호 ☎ 2627-2254
No
구    분
반  환  금  액
제출 서류
1
수강신청 인원이 모집 정원의 3분의 1에 미달되거나, 특정 강좌에서 별도로 정한 최소인원에 미달되어 강좌가 폐강된 경우
수강료 전액
없음
2
강사, 학습장소 및 기타 평생학습관의 사유로 학습을 제공하지 못한 경우
수강료를 일일계산 후, 제공하지 못한 해당 일수에 해당하는 금액
없음
3
수강신청자가 개강 전일까지 신청을 취소하고 환불을 요청한 경우
수강료 전액
반환청구서
4
수강신청자가 개강일 이후 수강을 중단하고 환불을 요청한 경우
수강료를 일일계산 후, 잔여 일수에 해당하는 금액
반환청구서"
번호 91,강의실이나 동아리실 사용료 납부는 어떻게 합니까?,"1. 국가 또는 지방자치단체가 주최하는 행사
2. 국가 또는 지방자치단체가 후원하는 비영리행사
3. 그 밖에 구청장이 공익상 필요하다고 인정하는 행사
- 사용료 면제 대상자는 첨부한 “사용료 면제 신청서” 양식을 다운로드 받아 작성하신 후, 아래의 이메일 또는 팩스로 전송하십시오.
※ 이메일 주소 :passion04@geumcheon.go.kr/ 팩스 번호 ☎ 2627-2254
- 이메일 또는 팩스 전송이 어려우시면 평생학습관을 방문하시어 교육정보센터에 비치된 “사용료 면제 신청서”를 작성한 후 제출하십시오."
번호 90,평생학습관 시설을 사용하고 싶습니다.,"※ 이메일 주소 :passion04@geumcheon.go.kr/ 팩스 번호 ☎ 2627-2254<시설 이용 시간>
구    분
평일
토요일
강의실
오전 10시 ~ 오후 10시
오전 10시 ~ 오후 6시
동아리실
오전 10시 ~ 오후 9시
비고
일요일 및 법정 공휴일은 휴관하며, 그 외의 날에 ‘금천평생학습관’의 사정으로 휴관할 경우에는 사전에 별도 공지함. 구청장이 공익상 필요하다고 인정하는 경우 시간을 확장할 수 있음.
- 평생학습관에서는 “시설 사용 신청서” 접수 후, 시설운영에 지장이 없는 범위 내에서 사용허가 여부를 검토하여 그 결과를 신청자에게 통보하여 드립니다.-신청자는 계좌 체나 무통장입금 방식으로 사용료를 납부한 후에 “시설 사용 허가서”를 발급 받아야 시설을 이용할 수 있습니다.시설 사용료 기준은 다음과 같습니다.
<시설 사용료 기준>
구분
대 상
기준금액
비 고
강의실
제1강의실 (60석)
20,000원
- 1회 1시간 기준임
- 시간 초과 시 30분당
사용료의 25%를 가산
합니다.
제2강의실 (30석)
10,000원
제3, 제4강의실 (40석)
15,000원
동아리실
동아리실 1 (10석)
5,000원
동아리실 2 (20석)
10,000원"
번호 89,수강료 감면을 받을 수 있다고 하는데...,"1. 「국민기초생활 보장법」에 의한 국민기초생활 보장수급자
2. 「장애인복지법」에 의하여 등록된 장애인
3. 「노인복지법」에 의한 경로우대자
4. 「국가보훈기본법」에 의한 국가보훈대상자
- 수강료 감면 대상자는 첨부한 “수강료 감면 신청서” 양식을 다운로드 받아 작성하신 후, 아래의 이메일 또는 팩스로 전송하십시오.※ 이메일 주소 :passion04@geumcheon.go.kr/ 팩스 번호 ☎ 2627-2254
이메일 또는 팩스 전송이 어려우시면 평생학습관을 방문하시어 교육정보센터에 비치된 “수강료 감면 신청서”를 작성한 후 제출하십시오."
번호 88,수강료를 카드로 결제할 수 있습니까?,"- 현재는 수강료를 카드로 결제할 수 없습니다. 2012년도에 우리구 홈페이지가 새롭게 만들어지면 온라인 카드결제가 가능한 시스템을 갖출 예정입니다.- 유료강좌의 수강료는 계좌이체 또는 무통장입금 방식으로 납부하여야 하며, 수강료 납부시 수강신청자와 입금자의 이름이 일치하는지 확인하십시오.※계좌번호: (우리은행) 1006-801-357761, 예금주 : 금천평생학습관- 강좌 개시일 전일(월~금요일 근무시간 기준)까지 수강료가 입금되지 않으면 수강 신청이 취소되며, 취소된 인원수만큼 대기자에게 별도로 연락을 드립니다."
번호 87,수강신청은 어떻게 하나요?,"- 수강 신청은 온라인 선착순 접수를 원칙으로 합니다. 인터넷 활용이 어려운 어르신이나 불가피한 사정이 있는 경우, 전화 또는 직접 방문하시어 상담원의 도움을 받아 접수하십시오.
- 온라인 신청은“종합안내>개설강좌안내”페이지에서 원하는 강좌의 신청 버튼을 클릭 하십시오. 구청 홈페이지에 로그인이 되어 있는 상태에서만 수강 신청이 가능합니다.
- 신청 버튼을 클릭하였을 때 “대기자”임을 알리는 팝업창이 뜰 경우, “대기자”로 자동 등록되며, 수강신청자 중 취소, 미납, 환불 등 결원이 생기는 인원수만큼 별도 연락을 드립니다. 정확한 연락을 위해“마이페이지>회원정보수정“에서 본인의 휴대폰 번호가 올바른지 확인하십시오.
- 수강신청자가 모집정원의 1/3을 넘지 못하거나 별도로 정한 최소 수강인원에 미달될 경우, 폐강될 수 있습니다. 만약 강좌가 폐강되면 즉시 연락드리고, 납부한 수강료는 전액 환불됩니다."
번호 86,여행업을 등록하려면 어떻게 해야 되나요?,구비서류를 가지고 구청 11층 교육문화체육과로 오셔서신청하시길 바랍니다.<붙임문서의 내용>♣ 여행업의 종류♣ 여행업 등록 요건♣ 여행업 등록 시 구비서류♣ 수수료♣ 사업 개시 전 보증보험 또는 공제가입♣ 변경등록 시 구비서류
번호 85,금천구의 쓰레기수거 체계를 알고싶어요,"쓰레기 배출은 이렇게
-시간외 배출시 과태료 10만원-
◈ 쓰레기 배출은 이렇게!
▶배출시간 : 배출일일몰후 ~ 24:00시까지
※ 지역별일ㆍ화ㆍ목/ 월ㆍ수ㆍ금격일제로 지정된 요일에 배출
▶수거시간 :24:00시 ~ 익일 08:00시
▶배출장소 : 내집앞 대문앞 (잘 보이는 곳)
▶배출방법
☞일반쓰레기 -종량제규격봉투에 담아 묶어서 배출
☞음식물쓰레기 - 물기를 줄여전용봉투에 담아 음식물 수거용기에 배출
☞재 활 용 품 - 끈으로 묶거나,투명한비닐봉투에 담아  묶어서 배출
(모으면 재활용! 흩어지면 쓰레기!)
◈우리구 쓰레기 수거는 이렇게!
▶수거체계 : 위탁 또는 직영수거
- 위탁수거 :일반ㆍ음식물쓰레기 및 재활용품
- 직영수거 : 대형폐기물
▶수거방법 : 정시수거 / 격일제 문전수거
- 일반ㆍ음식물쓰레기 및 재활용품 → 24:00 ∼ 08:00
- 대형폐기물 → 06:00 ∼ 15:00"
번호 84,기간이 남았는데 전자여권으로 교체 가능한가요?,"전자여권은 강제사항이 아니고 기존에 소지하고 있는 여권의 유효기간까지 정상적으로 사용이 가능하기 때문에 희망에 의해 전자여권을 발급받고자 하실 경우 소지하고 있는 여권을 개인반납하신 후 전자여권을 신청하시면 됩니다.이 때 절차 및 수수료는 신규와 동일하며, 여권발급의 수수료는 발급시 부여되는 유효기간에 따라 부과되며 수수료는 책정시 그 구성요소와 착안점으로 여권책자원가, 정부용역대가, 타국의 사례 등이 포함되어 정해진 것 입니다.그러므로 전자여권으로 새로 발급을 받으실 경우 위와 같이 수수료 구성요소의 차이가 없으므로 재발급이라하여 수수료의 차이가 생기지 않습니다."
번호 83,미리 여권신청서를 작성해가려고 합니다. 신청서는 어디에서 받을 수 있나요?,
번호 82,여권발급시 수수료가 얼마죠?,"※  여권발급 수수료는 다음과 같습니다
구분
여권발급수수료
비고
복수
10년
24면
50,000원
48면
53,000원
5년
8세이상
24면
42,000원
48면
45,000원
8세미만
24면
30,000원
48면
33,000원
5년미만
24면
15,000원
잔여기간
25,000원
단수
1년
20,000원"
번호 81,여권을 택배로 받아볼수는 없나요?,"- 여권은 택배가 아닌 우체국 등기로 배송됩니다.
- 여권접수시 등기 신청서를 작성 하시고, 등기비 3천원을 착불로 지불하시면 여권을 등기로 받아 보실 수 있습니다.- 등기신청의 경우 직접 방문수령시보다 1~2일 정도 시간이 더 소요됩니다.
※ 등기 신청은 접수시에만 가능."
번호 80,대리인 여권 수령시 필요한 서류는 무엇인가요?,
번호 79,여권신청후 처리현황을 알고 싶습니다. 조회할 수 있는 방법이 있나요?,- 여권 처리현황은 외교통상부 홈페이지 http://www.0404.go.kr/passport/passport06.php 에서조회가능합니다.- 단 “발급”표시의 경우 여권이 외교통상부의 발급기에서 제작되었다는 것으로 구청 여권과에서 여권을 수령할 수 있는 상태를 의미하는 것은 아닙니다.https://passport.mofat.go.kr/JSP/passport/MOFAT_SEARCH.jsp
번호 78,만7세미만의 유아입니다. 여권신청은 어떻게 해야하는지요?,"* 과거 부 또는 모의 여권에 동반자녀로 병기하던 제도가 폐지되고 유아의 경우도 1인 1여권을소지하도록 되어 있습니다.* 여권신청 방법(만18세미만 미성년자 여권발급서류와 동일)
- 공통서류 : 전여권(기간만료전인 여권을 소지하고 있는 경우), 최근6개월 이내 촬영한 여권용 사진 1매, 수수료
- 법정대리인(친권자, 후견인) 신청시 : 법정대리인 신분증, 법정대리인 동의서
- 2촌이내 친족(18세이상) : 방문한 대리인의 신분증, 법정대리인 동의서 및 인감증명서(본인서명사실확인서), 위임장 및 위임자(법정대리인)의 신분증, 가족관계기록사항에 관한 증명서 또는 친족관계에 관한 법원의 결정문"
번호 77,여권발급시 수수료가 얼마죠?,"※  여권발급 수수료는 다음과 같습니다
구분
여권발급수수료
비고
복수
10년
24면
50,000원
48면
53,000원
5년
8세이상
24면
42,000원
48면
45,000원
8세미만
24면
30,000원
48면
33,000원
5년미만
24면
15,000원
잔여기간
25,000원
단수
1년
20,000원"
번호 76,여권을 택배로 받아볼수는 없나요?,"- 여권은 택배가 아닌 우체국 등기로 배송됩니다.
- 여권접수시 등기 신청서를 작성 하시고, 등기비 3천원을 착불로 지불하시면 여권을 등기로 받아 보실 수 있습니다.- 등기신청의 경우 직접 방문수령시보다 1~2일 정도 시간이 더 소요됩니다.
※ 등기 신청은 접수시에만 가능."
번호 75,대리인 여권 수령시 필요한 서류는 무엇인가요?,
번호 74,여권신청후 처리현황을 알고 싶습니다. 조회할 수 있는 방법이 있나요?,- 여권 처리현황은 외교통상부 홈페이지 http://www.0404.go.kr/passport/passport06.php 에서조회가능합니다.- 단 “발급”표시의 경우 여권이 외교통상부의 발급기에서 제작되었다는 것으로 구청 여권과에서 여권을 수령할 수 있는 상태를 의미하는 것은 아닙니다.https://passport.mofat.go.kr/JSP/passport/MOFAT_SEARCH.jsp
번호 73,만7세미만의 유아입니다. 여권신청은 어떻게 해야하는지요?,"* 과거 부 또는 모의 여권에 동반자녀로 병기하던 제도가 폐지되고 유아의 경우도 1인 1여권을소지하도록 되어 있습니다.* 여권신청 방법(만18세미만 미성년자 여권발급서류와 동일)
- 공통서류 : 전여권(기간만료전인 여권을 소지하고 있는 경우), 최근6개월 이내 촬영한 여권용 사진 1매, 수수료
- 법정대리인(친권자, 후견인) 신청시 : 법정대리인 신분증, 법정대리인 동의서
- 2촌이내 친족(18세이상) : 방문한 대리인의 신분증, 법정대리인 동의서 및 인감증명서(본인서명사실확인서), 위임장 및 위임자(법정대리인)의 신분증, 가족관계기록사항에 관한 증명서 또는 친족관계에 관한 법원의 결정문"
번호 72,아파트를 부부가 공유하는 경우 재산세 계산 방법은?,"주택공시가격의 60%를 적용과표로 한 산출세액을 부부 각자의 지분비율로 안분한 주택 재산세액을 각각 납부하게 됩니다.
즉, 세액 산출시 과표를 안분하는 것이 아니고 전체과표로 세액 산출 후 마지막에 지분에 따른 안분세액을 고지하는 것입니다."
번호 71,과세기준일 현재 상속이 개시된 재산으로 사실상 소유자를 미신고한 경우 납세의무자는?,"상속 미신고시 납세의무자는 행정자치부령으로 정하는 주된 상속자입니다.
여기서 주된 상속자란 민법상 상속지분이 가장 높은 사람으로 하되, 상속지분이 가장 높은 사람이 두명 이상이면 그 중 나이가 가장 많은 사람이 납세의무자가 됩니다."
번호 70,재산세 고지서는 어디로 배달됩니까?,"재산세 고지서는 주민등록상 주소지로 송달됩니다.(거소지를 별도 신청하신 분은 제외)
만약 고지서를 못받았거나 훼손 또는 분실한 경우에는 서울시내 모든 동 주민센터나 구청에서 재발급을 받을 수 있습니다."
번호 69,재산세 납세의무자는 누구 인지요?,"재산세의 과세기준일은 매년 6월 1일이고, 과세기준일 현재 재산을 사실상 소유하고 계시는 분에게 재산세가 고지됩니다."
번호 68,가로수(지장수목) 예치금 반환 신청서,
번호 67,가로수 이식 승인 신청서,
번호 66,집단급식소 설치운영신고사항 변경신고서,
번호 65,집단급식소 설치운영 중단신고서,
번호 64,식품접객업 위생교육 안내,"♣ 식품접객업 위생교육 안내 ♣
모든 식품접객업 영업자는『식품위생법(27조)』에 따라 영업을 시작하기 전, 또는 3개월 이내에
신규위생교육을, 그리고 매년 1회 기존영업주위생교육(보수교육) 을 받으셔야 합니다.
위생교육기관 (보건복지부장관 지정)
업종
교육일정
교육장소
지참물
문의전화
매주월, 수, 금
기독교연합회관(1호선 종로5가역 2번출구)
☎ 3672-3234~6한국음식업중앙회중앙교육원
교육일정추후 안내
서울시청소년수련관 7층강당(2호선 을지로3가역 2번출구)
☎ 425-6126~8한국휴게음식업중앙회
교육일정추후 안내
대한제과협회빌딩 세미나실(서초동 마산말길 15-15)
☎ 2055-3345대한제과협회
교육일정추후 안내
중구구민회관(동대문운동장역 13,14번출구)
☎ 2058-0823한국단란주점업중앙회
교육일정추후 안내
도봉구민회관(4호선 쌍문역 1번출구의정부방향 도보로 5분)
☎ 543-9955한국유흥음식업중앙회
교육일정추후 안내
서울시청소년수련관 7층강당(2호선 을지로3가역 2번출구)
☎ 425-6126~8한국휴게음식업중앙회
교육일정추후 안내
여의도사학연금회관 2층(5호선 여의도역 1,2번출구)
☎ 585-5052한국식품공업협회
교육일정추후 안내
여의도사학연금회관 2층(5호선 여의도역 1,2번출구)
☎ 585-5052한국식품공업협회
교육일정추후 안내
한국건강기능식품협회 참고(www.hfood.or.kr)
☎ 3479-2100한국건강기능식품협회
1. 신규 영업자 교육
일반음식점
신규로 영업을 하고자 하는 자는 미리 위생교육을 받아야 합니다.
신규위생교육 수료증을 구비하여야만 영업신고가 가능합니다.
휴게ㆍ자판
제과ㆍ유흥
단란ㆍ집단
위탁ㆍ얼음
영업신고 전 또는 신고 후 3개월 이내에 교육을 이수하여야 합니다 .
3개월 내에 이수하지 않을 경우 행정처분 대상이 됩니다.
※ 보통 한 달에 한번 교육일정이 잡혀져 있으니, 가급적 이른 시일
내에 교육을 이수하시기 바랍니다.
◆ 신규위생교육을 다시 받지 않아도 되는 경우 ◆
아래의 경우에 해당되는 영업주는 신규영업자 위생교육을 받지 않으셔도 됩니다.
단, 그 내용을 보건위생과 위생교육담당(☎890-2360)에게 통보해 주셔야 불이익을 받지 않습니다.
○ 신규위생교육을 받은 날부터 2년 이내에 교육을 받은 업종과 동일한 업종으로 영
업을 하고자 하는 경우
○ 휴게음식점, 일반음식점 또는 제과점 신규위생교육을 받은 날부터 2년 이내에 앞
3종류 영업 중 한가지의 영업을 하고자 하는 경우
○ 유흥주점 또는 단란주점 신규위생교육을 받은 날부터 2년 이내에 앞 2종류 영업
중 한가지의 영업을 하고자 하는 경우
○ 식품접객업을 하는 자가 식품자동판매기 영업을 하고자 하는 경우
○ 조리사 또는 영양사의 면허를 받은 자가 식품접객업을 하고자 하는 경우
○ 영업자 중 법인에 있어 대표자가 단순 변경되어 변경신고를 하는 경우
2. 기존 영업자 교육
모든 식품관련 영업자는 매년 1회 위생교육을 수료하여야 하여야 합니다.
위생교육을 받지 않은 경우에는 과태료 20만원이 부과됩니다.
따라서 영업주께서는 매년 관련 협회에 교육일정을 알아보시고, 교육을 알리는
공문이 우편으로 도착하였을 경우 반드시 일정에 따라 교육을 이수하셔야 합니다.
< 집단급식소 설치ㆍ운영자가 위탁급식 영업자와 계약을 하여 급식을 실시하는 경우>
집단 급식소의 설치ㆍ운영자에 대하여 매년 실시하는 위생교육은 신고된 집단급식소별로
위탁급식영업자(또는 식품위생관리책임자)가 받은 교육으로 갈음할 수 있습니다
※ 기타 문의사항은 보건위생과 위생교육담당(☎890-2360)에게 문의하시기 바랍니다.
그리고 위생교육에 대한 세부적인 사항은 해당 위생교육기관으로 문의하시면 자세
한 설명을 들으실 수 있습니다."
번호 63,건설기계 등록원부 등. 초본 발급시 필요한 서류에 대해 문의합니다,
번호 62,이.미용사면허 발급시 필요한 서류를 알고 싶습니다.,
번호 61,수렵면허 갱신기간은 어떻게 되나요?,
번호 60,어디서나 민원24 발급서류에는 어떤 것이 있습니까?,"민원24란 국민 누구나 행정기관 방문없이 집ㆍ사무실 등 어디서든, 24시간 365일 인터넷으로 필요한 민원을 안내받고, 신청하고, 발급ㆍ열람할 수 있는 서비스입니다.
민원24를 통하여 발급가능한 서류는 민원24 홈페이지를 통하여 확인바랍니다.
☞민원24 바로가기"
번호 59,대형생활폐기물 배출은 어떻게 하나요?,"1. 종량제 규격봉투 판매소(인근 마트)에서 적정 가격의 폐기물 신고필증 스티커를 구매합니다.
2. 성명, 주소, 연락처를 기록한 뒤, 폐기물에 부착 후 집밖에 배출합니다.
3. 해당 동 주민센터나 구청 청소행정과에 전화로 신고를 합니다.
4. 금천구청 홈페이지에 방문하시면 인터넷으로 신청도 가능합니다.
5. 배출시간은 신고필증 스티커만 붙어있으면 24시간 배출 가능합니다
6. 신고필증 스티커를 부착하지 않고 배출시에는 무단투기로 적발됩니다 (최고 100만원 이하의 과태료 부과)
7. 수거시간은 07:00 ~ 15:00 이며 대형폐기물 수거차량이 해당지역을 순회하며 수거합니다.
8. 토요일, 일요일, 공휴일은 대형폐기물을 수거 하지 않습니다.
9. 대형폐가전(TV, 세탁기, 냉장고, 에어컨 )등은 1599-0903으로 전화하시면 무상으로 처리하고 있습니다.
10. 소형폐가전(팩스, 선풍기, 다리미, 오디오, 컴퓨터 등)은 동 주민센터에 전화 신고 후 배출하시면 됩니다.
기타 문의사항은 금천구청 청소행정과(02-2627-1476)로 전화 주시기 바랍니다."
번호 58,재즈댄스 강좌,
번호 57,대중교통 이용법,
번호 56,수영장 수질관리,
번호 55,셔틀버스 운행,
번호 54,유아스포츠단 운영,
번호 53,회원모집,
번호 52,토요일 체육관 자유이용권,
번호 51,1일 유료대관,
번호 50,구연동화 운영,
번호 49,휴장관계,
번호 48,국가 유공자 우대,
번호 47,1일 유료대관,
번호 46,구연동화 운영,
번호 45,휴장관계,
번호 44,국가 유공자 우대,
번호 43,"공중위생업소(숙박업, 미용업,이용업,목욕업,세탁업,위생관리용역업) 신규신고","공중위생업소에 대한 영업신고는 ①도시계획법상 영업의 신고를 하고자 하는 장소가 도로개설예정지역 여부 및 지역구분에 적합한지 (근린생활시설, 판매시설 등) ②건축물의 용도에 적합한지 ③위법건축물등재 여부를 확인하신후, 공중위생영업의 종류별 시설 및 설비기준에 적합한 시설을 갖추셔야합니다.
●미용업 <시설 및 설비기준>
○미용업(일반, 손톱발톱, 화장분장)
- 미용기구는 소독을 한 기구와 소독을 하지 않은 기구를 구분하여 보관할 수 있는 용기를 비치
- 소독기. 자외선 살균기 등 미용기구를 소독하는 장비
- 작업장소, 응접장소, 상담실 등을 분리하기 위해 칸막이를 설치할 수 있으나, 설치된 칸막이에 출입문이 있는 경우 출입문의 3분의 1 이상을 투명하게 하여야한다. 다만 탈의실의 경우에는 출입문을 투명하게 하여서는 안된다.
○미용업(피부, 종합)
- 피부미용업무에 필요한 베드(온열장치 포함), 미용기구, 화장품, 수건, 온장고, 사물함 등을 갖추어야한다.
- 미용기구는 소독을 한 기구와 소독을 하지 않은 기구를 구분하여 보관할 수 있는 용기를 비치
- 소독기. 자외선 살균기 등 미용기구를 소독하는 장비
- 작업장소, 응접장소, 상담실 등을 분리하기 위해 칸막이를 설치할 수 있으나, 설치된 칸막이에 출입문이 있는 경우 출입문의 3분의 1 이상을 투명하게 하여야한다. 다만 탈의실의 경우에는 출입문을 투명하게 하여서는 안된다.
- 작업장소 내 베드와 베드 사이에 칸막이를 설치할 수 있으나 설치된 칸막이에 출입문이 있는경우 그 출입문의 3분의 1 이상은 투명하게 하여야 한다.
<구비서류> -미용사 면허증, 위생교육수료필증 또는 미필사유서, 임대차계약서, 신분증
●이용업 <시설 및 설비기준>
- 이용기구는 소독을 한 기구와 소독을 하지 않은 기구를 구분하여 보관할 수 있는 용기를 비치
- 소독기. 자외선 살균기 등 이용기구를 소독하는 장비
- 응접장소와 작업장소 또는 의자와 의자를 구획하는 커튼, 칸막이 그밖에 이와 유사한 장애물을 설치할수 없음
- 영업소 안에는 별실 기타 이와 유사한 시설을 설치하여서는 아니됨.
<구비서류> -신분증, 임대차계약서, 이용사 면허증, 위생교육수료필증 또는 미필사유서
●목욕업 <시설 및 설비기준>
- 탈의실,욕실, 욕조 및 샤워기, 목욕실, 발한실 설치
- 발한실 내에 발열기를 설치하는 경우에는 그 주변에 방열 및 불연소재의 안전망 설치.
- 발한실, 편의시설 및 휴식실은 실내가 잘 보이도록 하여야하고, 밀실 형태로 구획하여서는 아니됨.
- 탈의실과 목욕실은 남녀 구분하여 운용
- 목욕실, 발한실, 탈의실, 편의시설 및 휴식실은 각각 별도로 구획
- 욕조수를 순환하여 여과시키는 경우 자동유입기에 의한 염소소독장치 또는 오존장치 설치
- 목욕실, 발한실 및 탈의실 외의 시설에 무인감시카메라를 설치할 수 있으며, 무인감시카메라를 설치하는 경우 반드시 그 설치여부를 이용객이 알아볼 수 있게 안내문 게시
●세탁업 <시설 및 설비기준>
- 세탁용 약품 보관함을 설치 다만, 세탁용품을 따로 보관할 수 있는 창고 등이 있는 경우에는 그러하지 아니함.
●숙박업<시설 및 설비기준>
- 숙박업(생활) : 취사시설과 환기를 위한 창문 설치
- 숙박업(생활) : 객실별로 욕실 또는 샤워실 설치
●위생관리용역업 <시설 및 설비기준>
- 25cm 이상의 마루광택기 2대이상 비치
- 진공청소기( 집수 및 집진용 )를 2대 이상 비치
- 업무수행에 필요한 안전벨트, 안전모, 로프
- 먼지, 일산화탄소, 이산화탄소를 측정하는 측정장비를 갖추어야함. 다만, <연면적 3천제곱미터이상의 업무시설과 연면적 2천제곱미터이상의 건축물로서 2개이상의 용도에 사용 되는 건축물규모> 이하의 건축물을 청소하는 경우에는 그러하지 아니함.
※위의 요건이 모두 충족되었을 경우 임대계약서, 면허증원본(미용업, 이용업), 신분증을 지참하여 위생과로 내방 →신고서류를 작성 → 영업신고증, 면허세 교부 → 검토후 필요시 시설조사"
번호 42,"식품접객업(일반,휴게음식점)의 영업자지위승계는 어떻게 하는지요?","- 영업자지위승계란 기존 영업장을 폐업하고 신규로 신고를 하는 대신 기존 영업자에게 영업장에 대한 지위승계를 통하여 영업신고증을 양도받는 것을 의미하며 구비서류는 전영업주와 내방하는 경우 영업신고증원본, 신분증, 위생교육수료증(새로운영업주), 건강진단결과서(새로운영업주), 수수료(9,300원)을 지참하시면 되고 전영업주와 같이 내방을 못하는 경우에는 영업신고증원본, 전영업주 서명이 있는 신분증사본, 위임장, 위생교육수료증(새로운영업주), 건강진단결과서(새로운영업주), 수수료(9,300원)를 지참하시어 내방하시면 됩니다.
- 기존 영업장이 다중이용업소인 경우에 화재보험가입증명서가 추가로 필요합니다.
- 또한, 영업자지위승계시 기존 영업주가 행정처분을 받았거나 과태료 처분을 받은 적이 있다면 그 처분을 같이 승계하게 되며 체납된 과태료를 납부한후 영업자지위승계가 가능함을 알려드립니다.
☞ 사업자등록증 발급은 금천세무서(☏850-4200)에 식품접객업 영업신고증과 건물임대계약서를 지참하시어 신청하시면 됩니다."
번호 41,식품접객업(일반음식점) 영업신고는 어떻게 하는지요?,"- 일반음식점에 대한 영업신고는 대인·대물의 성격을 가진 복합물권으로 일반음식점을 하고자 하는 장소가 식품위생법뿐만 아니라 관련 법령에도 적합하여야 합니다. 우선 건물주와 임대계약을 하기전에 아래 사항에 대하여 검토를 하신후 적합하실 경우 임대계약을 하시는 것이 사후 식품접객업신고에 따른 불이익을 최소화 할수있으니 양지하시기 바랍니다.
·식당을 하고자 하는 장소에 기 위생과 관련 업종이 폐업을 하였는지 여부
·해당 건물의 위법건축물 여부 ·오수·분뇨및축산폐수처리에관한법률에 의거 해당 건물에 대한 정화조 용량적정 여부 ·다중이용업소 안전관리에 관한 특별법에 따른 안전시설 등 완비증명 해당 여부
·액화석유가스의안전및사업관리법에 따른 액화석유가스검사필증 해당 여부
- 위의 요건이 다 충족되었을 경우 위생교육을 수료하신 후(위생교육문의 일반음식점:3672-3231~6, 휴게음식점:425-6126) 교육수료증, 건강진단결과서, 임대계약서, 수수료(28,000원)를 지참하시어 위생과로 내방하여 신고서류를 작성하시면 되고 타당성 검토후 신고증이 교부됩니다.
☞ 사업자등록증 발급은 금천세무서(☏850-4200)에 식품접객업 영업신고증과 건물임대계약서를 지참하시어 신청하시면 됩니다."
번호 40,"주민등록 등,초본 발급하려는데 어떤 서류가 필요한가요?",
번호 39,인감증명서 발급하려는데 어떤 서류가 필요한가요?,"* 인감증명은 관공서에 방문을 하셔야만 발급이 가능합니다.- 구청 민원여권과나 동주민센터 방문 발급(지역관계없음)- 수수료 : 600원- 본인발급시 : 신분증만 필요* 내국인 - 주민등록증,자동차운전면허증,여권,장애인등록증* 외국인 - 외국인등록증, 외국인등록사실증명서* 국내거소신고자 - 국내거소신고증, 국내거소사실증명서
※증명서는 본인발급시에만 가능함.- 대리발급시 : 위임자 및 대리인의신분증이 모두 필요, 위임자의 도장- 미성년자 또는 한정치산자의 인감증명을 위임받을때는 위임장과 법정대리인의 동의서를 모두 작성- 재외국민이나 국내거소신고자의 증명발급을 위임하여 신청할경우에는 재외공관의 확인이 필요(재외국민의 부동산권리 이전용인 경우에는 부동산의 종류와 소재지를 기재하여 소관증명청의소재지 또는 부동산 소재지를 관할하는 세무서장의 확인을 받아야 함.)- 주민등록 말소자는 위임을 받을 수 없음."
번호 38,건강검진을 받고 싶은데 어떤 절차를 거쳐야 되는지 알고 싶어요.,"검진명
대상자
비용
문의
국가
건강검진
건강보험 직장
가입자 세대주
만40세 이상
세대원 및 피부양자
무료
건강검진센터
2627~2736~7
건강검진
희망자
6,500원
체력
측정검사
희망자(예약제)
무료
체력인증센터
2627-2758"
번호 37,치과진료에 대해 알고 싶습니다.,"우리구 보건소 치과 진료 범위는아말감 충치치료,발치,치경부 마모증치료등입니다.
일반치과와는 교육 및 예방사업이 주가 되어 치료는1차적 치료만 가능합니다.충치치료의 재료에는아말감,레진,금등이 있고,이들 재료에는 각각의 장,단점이 있습니다.보건소에서는아말감이라는 재료를 사용하여 치아의 겉껍질 우식시 제거후 충전하는 정도까지만 가능하며,
충치정도가 심한경우 실시되는 신경치료와 씌워야 하는 치료(크라운)등은 실시하고 있지 않습니다."
번호 36,기초생활보장 사업에 대하여 보다 더 자세한 사항을 알고싶을 때에는?,"보다 자세하고 상세히 알고 싶으시면 복지로 홈페이지(http:www.bokjiro.go.kr)를 이용하시거나,  우리구 복지콜센터 ( 02-2627-1004) 또는 거주지 동주민센터에서 상담을 받으시면 됩니다."
번호 35,"기초생활보장수급자에게 해산급여, 장제급여 신청방법은?","국민기초생활보장 기초생계, 의료, 주거급여 수급자가 아이를 낳았거나 사망하였을 때 해산 및 장제급여 신청서를 작성후 거주지 동주민센터에 제출하여 신청함.
해산 및 장제급여 지급액은 아래와 같습니다.
- 해산급여 : 출산시 75만원
- 장제급여 : 사망자 1가구당 75만원
※ 장제급여는 장제를 실제 치르는 자에게 지급이 원칙임. 기초교육급여 대상자는 제외."
번호 34,수급자에게 정부양곡을 시중보다 싸게 공급한다는데?,"Q. 구입 신청을 하면 누구에게나 공급합니까 ?
A. 기초생활보장 수급자 및 차상위복지대상자라면 누구나 신청 가능합니다.
신청은 매달 1일~10일 까지 관할 동사무소에서 신청할 수 있습니다.
Q. 공급 가격은?
A. 1포/20kg - 16,200원, 1포/10kg - 8,200원에 구입 가능합니다.
Q. 구입할 수 있는 수량이 정해져 있나요?
A. 1인당 10kg/월(120kg/년) 이하 제한(단, 5인 이상의 가구라도 매월 20kg 2포로 제한)하고 있습니다.
Q. 배달은 언제되고 구입대금은 언제 납부하나요?
A. 신청한 달 20일~31일까지 배송지로 배송이 되며, 구입대금은 신청시 납부하거나 생계급여에서 차감 됩니다.
※유의사항
공급되는 정부양곡은 기초생활수급자용으로 지정되어 있으므로 지정된 용도 외에 부정유출(시중유통, 판매 등)한 수급자는 양곡관리법에 따라 3년이하의 징역 또는 1천만원이하의 벌금에 처할 수 있습니다"
번호 33,부정한 방법으로 수급신청하여 급여를 받은 경우에는 어떻게 되나요?,"Q. 부정수급이란?A. 거짓으로 꾸며 속이는 등 기타 부정한 방법에 의하여 급여를 받거나 타인으로 하여금 급여를 받게 한 경우를 말함이 경우 그 급여를 받은자 또는 급여를 받게 한 자 모두를 부정수급자로 지칭하며 수급자 뿐만 아니라부양의무자, 기타 관계인(예를 들어 수급자에게 허위로 고용임금확인서를 발급해준 고용주)도 부정수급자의 범위에 해당되며 보장비용 징수대상일 뿐만 아니라 경우에 따라 형사벌의 책임도 면하기 어렵습니다.Q. 보장비용은 어떤 경우에 징수하나?A. 국민기초생활보장법에 따라 부정한 방법으로 급여를 받은 부정수급자에 대하여 지급한 급여 전부를 수급권자와 부양의무자 등으로부터 징수하며, 부양능력이 있는 부양의무자가 있음에도 수급권자의 최저생활을 보장하기 위하여 불가피하게 국가에서 선보호 조치를 한 경우 그 부양의무자 등에 대해서도 일정한 절차를 거쳐 이미 지급된 급여에 해당하는 비용의 전부 또는 일부를 징수합니다.
가장 많은 예로서 수급신청 당시에 노출되지 않을 것으로 생각하고 금융자산(예금, 보험, 증권 등)을 숨기고 급여신청을 하더라도 사후 금융기관 등에 조회를 통하여 반드시 숨긴 재산은 알게되며, 선정기준이상의 재산이 발견 되는 경우 그동안 받았던 급여의 전부 또는 일부를 본인 또는 부양의무자로부터 강제징수하고, 고발 등의 형사적인 조치가 있을 수 있는 경우입니다.
Q. 보장비용 징수 절차는?A. 선정기준 초과자에 대하여 보호중지·급여중지·급여액변경 등의 처분 → 부정수급 사항의 확인조사 및 보장비용 징수기준 부합 여부 검토 → 생활보장위원회 심의 → 보장비용 징수대상자 결정 → 통지서 및 납부고지서 등기 발송"
번호 32,기초생활보장 수급자는 어떤사람이 선정될 수 있나요,"국민기초생활보장 제도 안내
■국민기초생활보장제도란생계가 곤란한 기준중위소득50%이하의 어려운 분들에게 기준에 맞는 생계급여,의료급여,주거급여,교육급여를 지원해 기본적 생활을 국가가 보장해 주는 제도입니다.
■제 도 개 요
？지원대상자
부양의무자가 없거나 부양의무자가 있어도 부양능력이 없거나 또는 부양을 받을 수 없는 자로서 소득인정액이 기준중위소득50%이하인 자
(단,교육급여는 부양의무자 기준 적용 안함)
？급여내용:생계급여,의료급여,주거급여,교육급여
？2016년 급여종류별 소득인정액 선정기준
가구규모
1인가구
2인가구
3인가구
4인가구
5인가구
기준중위소득
1,624,831원
2,766,603원
3,579,019원
4,391,434원
5,203,849원
생계급여
(중위소득29%이하)
471,201원
802,315원
1,037,916원
1,273,516원
1,509,116원
의료급여
(중위소득40%이하)
649,932원
1,106,642원
1,431,608원
1,756,574원
2,081,540원
주거급여
(중위소득43%이하)
698,677원
1,189,640원
1,538,978원
1,888,317원
2,237,656원
교육급여
(중위소득50%이하)
812,415
1,383,302
1,789,509
2,601,925
2,601,925원
*소득인정액=소득평가액＋재산의 소득환산액
？부양의무자 기준
-부양의무자 범위:수급권자의1촌의 직계혈족 및 그 배우자
(단.사망한1촌의 직계혈족의 배우자는 제외)
-부양의무자 충족 기준
·부양의무자가 없는 경우
·부양의무자가 있어도 부양능력이 없는 경우
·부양의무자가 부양능력이 미약한 경우
■보 장 절 차
？급여신청
-신청장소:거주지 동 주민센터에 수급권자 본인,친족 및 기타 관계인이 신청하거나 사회복지전담공무원이 직접신청(동의필요)
-구비서류:사회보장급여 제공신청서,금융정보 등 제공동의서(부양의무자 포함),임대차 계약서 등
？조 사
·수급권자와 부양의무자의 소득 및 재산
·수급권자의 근로능력,취업상태,자활욕구 등
·기타 수급권자의 건강상태,가구특성 등 생활실태조사
·부양의무자 유무,부양능력 및 부양여부
？급여결정
-조사결과에 의거하여 급여실시 여부와 급여내용 결정
-신청일로부터30일이내 처리 후 결정내용을 서면으로 통지
(단,특별한 사유가 있는 경우60일이내 연장가능)
？급여실시
-수급자로 선정된 가구 또는 개인에 대하여 결정된 급여를 제공
？확인조사
-수급자 또는 부양의무자의 구성원,소득 및 재산등에 대한 변동사항 조사
-확인조사 결과에 따라 변동사항이 있는 급여변경,급여중지등 결정
？지원대상자 보장중지
-확인조사 결과 부양의무자 및 소득 재산상의 변동으로 인해 선정기준을 초과하는 경우 급여중지
-소득,재산 등의 변동사항을 미신고하는 등 일부 부정수급자에 대해서는
보장비용징수 기준에 의거하여 보장비용 징수"
번호 31,자동차세를 인터넷으로 납부 할 수 있는지?,"지방세 인터넷 납부는서울시ETAX시스템(http://etax.seoul.go.kr)에 접속하여〔조회납부〕에서 회원인 경우에는 회원 납부를 선택,비회원 또는 타인명의 세금 납부시‘전자납부번호’또는‘납세번호’를 선택하여 납세번호 입력후 금융기관 인터넷뱅킹 또는 신용카드로 납부 가능합니다.
【ETAX시스템에서 전자납부 결제 이용시간】
카드 납부:평일 및 공휴일 납부 가능(단,카드사 점검시간 제외)
은행 납부:우리은행은365일24시간(단,은행 점검시간 제외)
그 외 은행은 영업일09:00~22:00(토,공휴일 휴무)"
번호 30,"지방소득세(특별징수분)를 회사월급에서 떼어 가는데 주민세(개인균등분) 6,000원을 또 내야 하나요?","지방세법제74조(정의)규정에 따른 균등분 주민세는 지방자치단체의 관할 구역에 주소를 둔 개인 대하여 균등하게 부과하고 있습니다.균등분 주민세는 회비적 성격을 가지는 세목으로서 소득의 많고 적음에 관계없이 동일한 금액(주민세4,800원,교육세1,200원)을 부담하는 세목입니다.
지방세법제75조(납세의무자)①에서 지방자치단체에 주소를 둔 개인(납세의무를 지는 세대주와 생계를 같이하는 가족을 제외한다)이라고 규정하고 있어,매년8월1일을 과세기준일로 하여8월에 주민등록법상 세대주에게 주민세(개인균등분)이 부과됩니다.
이와 달리 급여에서 원천징수하는 소득세분 또는 특별징수분 지방소득세는 지방세법 제86조에서 소득세법에 따른 소득세 또는 법인세법에 따른 법인세의 납세의무가 있는 자는 소득세분 지방소득세를 납부토록 하고 있습니다.이는 세대주마다 동일한 세액을 부담하는 균등분과는 달리 소득세의10%를 지방소득세로 부담하게 됩니다.
소득세법에서는 소득이 있는 자는 다음해5월말까지 관할세무서에 소득내역을 신고하고 종합소득세와 지방소득세를 자진납부토록 하고 있으나,기타 소득이 없는 급여소득자의 경우에는 소득세 확정 신고 절차를 거치지 않고 급여를 지급하는 자가 급여 지급시 일정액을 소득세와 지방소득세(소득세의10%)를 원천징수하여 익월10일까지 납부토록 하고 있으며,매년12월말 기준으로 소득세 연말정산을 실시하여 소득세와 지방소득세를 확정토록 하는 원천징수제도를 운영하고 있습니다."
번호 29,"장애인으로 자동차에 대한 취득세, 등록세를 감면 받을 수 있는 대상을 알려주세요","장애인복지법에 등록한 장애등급1급 내지3급(시각의 경우4급)인 장애인 본인·배우자 또는 주민등록법에 의한 세대별 주민등록표에 기재되어 있는 장애인의 직계존·비속,장애인의 직계비속의 배우자,장애인의 형제·자매의 명의로 등록(장애인 본인 이외의 명의로 등록하는 경우는 장애인과 공동등록)하여 본인을 위하여 사용하는 자동차로서 다음 각호에 해당되는 자동차중 최초로 감면 신청하는1대에 대하여 차량취득세를 감면하고 있습니다.
1.배기량2,000cc이하인 승용자동차 또는 승차정원7인승이상10인승 이하인 승용자동차(고급에 해당 되는 자동차 제외)
2.승차정원15인 이하인 승합자동차
3.적재적량1톤 이하인 화물자동차
4.이륜자동차(배기량250cc이하)
※감면후 장애인 또는 장애인과 공동으로 등록한 자가 자동차 등록일로부터1년 이내에 사망·혼인·해외이민·운전면허취소 기타 이와 유사한 부득이한 사유없이 소유권을 이전하거나 세대를 분가하는 경우 면제된 취득세를 추징합니다.
※궁금하신 사항이 있으실 경우 금천구청 세무2과(☎2627-2451~2)로 연락주시면 성심껏 안내해 드리겠습니다."
번호 28,종업원분 주민세의 과세대상과 과세표준 산정기준은 무엇인가요?,"종업원분 주민세 과세기준은 급여지급일 기준2015년12월까지는 해당 사업소의 종업원 수가50인 초과인 경우로 종업원수라 함은 월통상 인원수를 말하는 것이며'월통상인원'이라 함은 월상시 고용하는 종업원 수에 수시 고용하는 종업원의 월 연인원을 당월의 일수로 나눈 평균인원을 합한 인원을 말하는 것으로 다음 식으로 요약 할 수 있습니다.
▶월통상인원=월상시인원+수시고용 연인원/당월의 일수
급여 지급일이2016년1월 이후의 종업원분 주민세 과세기준은 지방세법시행령제85조의2규정에 의거 납세의무 성립일이 속하는 달부터 최근1년간 해당 사업소 종업원 급여총액의 월평균 금액이135,000,000원(50명* 2,700,000원)초과 사업주로 변경되었습니다.
면세점 기준인 월평균 금액135,000,000원은 대통령령으로 정하여 변경될 수 있습니다.
※궁금하신 사항이 있으시면 세무 부서로 연락 주시면 성심껏 안내해 드리겠습니다"
번호 27,자동차세를 1년치 연세액을 신고납부하고 도중(1년경과 전)에 자동차를 매매한 경우 환불받을 수 있는지?,"자동차세를 연납한 후에 매매등의 사유로 소유권이 이전될 경우에는 양도일 이후 선납분에 대하여 양도인에게 환불처리하여 드립니다.
-별도 구비서류 없이 등록원부상 소유권이전등록을 확인하여 처리하며 다만,양도인의 동의하에 자동차세 연세액 납부승계동의서를 제출한 경우에는 이를 양수인이 납부한것으로 인정하여 환불처리되지 않습니다.
※궁금하신 사항이 있으시면 세무 부서로 연락 주시면 성심껏 안내해 드리겠습니다."
번호 26,자동차세 감면에 대해 궁금합니다.,"자동차세 감면은 장애인 및 국가유공자, 5·18민주화운동부상자,고엽제후유의증환자를 대상으로 하며장애인의 경우 장애등급 제1급부터 제3급(시각장애인의 경우 제4급),국가유공자는 상이등급1급부터7급,5·18민주화운동부상자는 신체장해등급1급부터14급,고엽제후유의증환자는 경도 장애이상의 장애등급 판정을 받은 사람이 자동차를 본인 명의로 등록하거나 또는 세대별 주민등록표에 의하여 세대를 함께 하는 것이 확인되는 배우자·직계존속·직계비속·형제자매 또는 직계비속의 배우자와 공동명의로 등록하는1대에 대해서 자동차세를100%감면하고 있습니다.
①배기량2,000cc이하인 승용자동차
②승차정원7명 이상10명 이하인 승용자동차(2000.12.31일 이전에 승용자동차로 분류된 자동차는 제외됩니다)
③자동차의 구분이 화물자동차에서2006년1월1일부터 승용자동차에 해당하게 되는 자동차(2005.12.31.이전부터 승용차로 분류된 자동차는 제외됩니다.)
④승차정원15명 이하인 승합자동차
⑤적재정량1톤 이하인 화물자동차
⑥이륜자동차
※궁금하신 사항이 있으시면 세무2과(☎2627-2352)로 연락 주시면 성심껏 안내해 드리겠습니다."
번호 25,"지방소득세(특별징수분)를 회사월급에서 떼어 가는데 주민세(개인균등분) 6,000원을 또 내야 하나요?","지방세법제74조(정의)규정에 따른 균등분 주민세는 지방자치단체의 관할 구역에 주소를 둔 개인 대하여 균등하게 부과하고 있습니다.균등분 주민세는 회비적 성격을 가지는 세목으로서 소득의 많고 적음에 관계없이 동일한 금액(주민세4,800원,교육세1,200원)을 부담하는 세목입니다.
지방세법제75조(납세의무자)①에서 지방자치단체에 주소를 둔 개인(납세의무를 지는 세대주와 생계를 같이하는 가족을 제외한다)이라고 규정하고 있어,매년8월1일을 과세기준일로 하여8월에 주민등록법상 세대주에게 주민세(개인균등분)이 부과됩니다.
이와 달리 급여에서 원천징수하는 소득세분 또는 특별징수분 지방소득세는 지방세법 제86조에서 소득세법에 따른 소득세 또는 법인세법에 따른 법인세의 납세의무가 있는 자는 소득세분 지방소득세를 납부토록 하고 있습니다.이는 세대주마다 동일한 세액을 부담하는 균등분과는 달리 소득세의10%를 지방소득세로 부담하게 됩니다.
소득세법에서는 소득이 있는 자는 다음해5월말까지 관할세무서에 소득내역을 신고하고 종합소득세와 지방소득세를 자진납부토록 하고 있으나,기타 소득이 없는 급여소득자의 경우에는 소득세 확정 신고 절차를 거치지 않고 급여를 지급하는 자가 급여 지급시 일정액을 소득세와 지방소득세(소득세의10%)를 원천징수하여 익월10일까지 납부토록 하고 있으며,매년12월말 기준으로 소득세 연말정산을 실시하여 소득세와 지방소득세를 확정토록 하는 원천징수제도를 운영하고 있습니다."
번호 24,"장애인으로 자동차에 대한 취득세, 등록세를 감면 받을 수 있는 대상을 알려주세요","장애인복지법에 등록한 장애등급1급 내지3급(시각의 경우4급)인 장애인 본인·배우자 또는 주민등록법에 의한 세대별 주민등록표에 기재되어 있는 장애인의 직계존·비속,장애인의 직계비속의 배우자,장애인의 형제·자매의 명의로 등록(장애인 본인 이외의 명의로 등록하는 경우는 장애인과 공동등록)하여 본인을 위하여 사용하는 자동차로서 다음 각호에 해당되는 자동차중 최초로 감면 신청하는1대에 대하여 차량취득세를 감면하고 있습니다.
1.배기량2,000cc이하인 승용자동차 또는 승차정원7인승이상10인승 이하인 승용자동차(고급에 해당 되는 자동차 제외)
2.승차정원15인 이하인 승합자동차
3.적재적량1톤 이하인 화물자동차
4.이륜자동차(배기량250cc이하)
※감면후 장애인 또는 장애인과 공동으로 등록한 자가 자동차 등록일로부터1년 이내에 사망·혼인·해외이민·운전면허취소 기타 이와 유사한 부득이한 사유없이 소유권을 이전하거나 세대를 분가하는 경우 면제된 취득세를 추징합니다.
※궁금하신 사항이 있으실 경우 금천구청 세무2과(☎2627-2451~2)로 연락주시면 성심껏 안내해 드리겠습니다."
번호 23,종업원분 주민세의 과세대상과 과세표준 산정기준은 무엇인가요?,"종업원분 주민세 과세기준은 급여지급일 기준2015년12월까지는 해당 사업소의 종업원 수가50인 초과인 경우로 종업원수라 함은 월통상 인원수를 말하는 것이며'월통상인원'이라 함은 월상시 고용하는 종업원 수에 수시 고용하는 종업원의 월 연인원을 당월의 일수로 나눈 평균인원을 합한 인원을 말하는 것으로 다음 식으로 요약 할 수 있습니다.
▶월통상인원=월상시인원+수시고용 연인원/당월의 일수
급여 지급일이2016년1월 이후의 종업원분 주민세 과세기준은 지방세법시행령제85조의2규정에 의거 납세의무 성립일이 속하는 달부터 최근1년간 해당 사업소 종업원 급여총액의 월평균 금액이135,000,000원(50명* 2,700,000원)초과 사업주로 변경되었습니다.
면세점 기준인 월평균 금액135,000,000원은 대통령령으로 정하여 변경될 수 있습니다.
※궁금하신 사항이 있으시면 세무 부서로 연락 주시면 성심껏 안내해 드리겠습니다"
번호 22,중소기업 육성기금을 지원받고 싶습니다.,
번호 21,담배소매인 지정신청에 대하여 알고싶습니다.,
번호 20,부동산중개수수료는 얼마나 지불해야 하나요?,여기를 클릭하시면 중개수수료를계산 할 수가 있으며기타 자세한 사항은 토지관리과(02-2627-1332~1334)로 문의하세요
번호 19,자동차 노후하여 폐차를 하고 싶습니다. 어떤 절차를 해야 하나요?,
번호 18,자동차 구입 후 정기검사는 몇 년이며 검사신청 방법은?,
번호 17,지방에서 금천구로 이사하고 전입신고를 했는데 자동차 번호 변경은 어떻게 하는지요?,
번호 16,책임보험과태료고지서가 집으로 왔는데 책임보험과태료가 뭐지요?,
번호 15,자동차 소유자가 이행하지 못한 일에 대한 불이익처분에 어떤 것이 있는지 알고 싶습니다.,
번호 14,신차를 구입하였는데 등록하는 방법과 구비서류는?,
번호 13,자동차 정기정검(사업용자동차)에 대행 알고 싶습니다.,
번호 12,토지대장 및 건축물관리대장상의 소유자 사항은 어떻게 정리되는 지요?,
번호 11,아기 예방접종에 대하여 알고 싶어요,"국가 예방접종은 국가가 권장하는 예방접종으로 국가는 '감염병의 예방 및 관리에 관한 법률'을 통해 예방접종 대상 감염병과 예방접종 실시기준 및 방법에 관한 권장사항을 정하고 있습니다.
국가 예방접종은 보건소와 의료기관에서 접종 가능합니다.
BCG(피내용), B형간염, DTaP(디프테리아/파상풍/백일해), IPV(폴리오), 수두, MMR(홍역, 유행성이하선염/풍진), 일본뇌염(사백신, 생백신), Td(파상풍/디프테리아), DTaP-IPV(디프테리아/파상풍/백일해/폴리오), Tadp(파상풍/디프테리아/백일해), Hib(b형헤모필루스인플루엔자), 폐렴구균,A형간염, HPV(인유두종바이러스)"
번호 10,자동차 노후하여 폐차를 하고 싶습니다. 어떤 절차를 해야 하나요?,
번호 9,자동차 구입 후 정기검사는 몇 년이며 검사신청 방법은?,
번호 8,내집주차장 신청 및 보조금 지원에 대하여 알고 싶습니다,
번호 7,자동차 정기정검(사업용자동차)에 대행 알고 싶습니다.,
번호 6,토지대장 및 건축물관리대장상의 소유자 사항은 어떻게 정리되는 지요?,
번호 5,아기 예방접종에 대하여 알고 싶어요,"국가 예방접종은 국가가 권장하는 예방접종으로 국가는 '감염병의 예방 및 관리에 관한 법률'을 통해 예방접종 대상 감염병과 예방접종 실시기준 및 방법에 관한 권장사항을 정하고 있습니다.
국가 예방접종은 보건소와 의료기관에서 접종 가능합니다.
BCG(피내용), B형간염, DTaP(디프테리아/파상풍/백일해), IPV(폴리오), 수두, MMR(홍역, 유행성이하선염/풍진), 일본뇌염(사백신, 생백신), Td(파상풍/디프테리아), DTaP-IPV(디프테리아/파상풍/백일해/폴리오), Tadp(파상풍/디프테리아/백일해), Hib(b형헤모필루스인플루엔자), 폐렴구균,A형간염, HPV(인유두종바이러스)"
번호 4,자동차 노후하여 폐차를 하고 싶습니다. 어떤 절차를 해야 하나요?,
번호 3,자동차 구입 후 정기검사는 몇 년이며 검사신청 방법은?,
번호 2,내집주차장 신청 및 보조금 지원에 대하여 알고 싶습니다,
번호 1,법인 소유 자동차의 경우 법인 사업장이 바뀌었는데 주소변경은 어떻게 하는지?,
